GEO.id,GEO.id2,GEO.display-label,HD01_VD01,HD02_VD01,HD01_VD03,HD02_VD03,HD01_VD04,HD02_VD04,HD01_VD05,HD02_VD05,HD01_VD06,HD02_VD06,HD01_VD07,HD02_VD07,HD01_VD08,HD02_VD08,HD01_VD09,HD02_VD09,HD01_VD10,HD02_VD10,HD01_VD11,HD02_VD11,HD01_VD12,HD02_VD12,HD01_VD13,HD02_VD13,HD01_VD14,HD02_VD14,HD01_VD15,HD02_VD15,HD01_VD16,HD02_VD16,HD01_VD17,HD02_VD17,HD01_VD18,HD02_VD18,HD01_VD19,HD02_VD19,HD01_VD20,HD02_VD20,HD01_VD21,HD02_VD21,HD01_VD22,HD02_VD22,HD01_VD23,HD02_VD23,HD01_VD24,HD02_VD24,HD01_VD25,HD02_VD25,HD01_VD26,HD02_VD26,HD01_VD27,HD02_VD27,HD01_VD28,HD02_VD28,HD01_VD29,HD02_VD29
Id,Id2,Geography,Estimate; Total:,Margin of Error; Total:,Estimate; Total: - Below 100 percent of the poverty level,Margin of Error; Total: - Below 100 percent of the poverty level,Estimate; Total: - 100 to 149 percent of the poverty level,Margin of Error; Total: - 100 to 149 percent of the poverty level,Estimate; Total: - At or above 150 percent of the poverty level,Margin of Error; Total: - At or above 150 percent of the poverty level,"Estimate; Total: - Car, truck, or van - drove alone:","Margin of Error; Total: - Car, truck, or van - drove alone:","Estimate; Total: - Car, truck, or van - drove alone: - Below 100 percent of the poverty level","Margin of Error; Total: - Car, truck, or van - drove alone: - Below 100 percent of the poverty level","Estimate; Total: - Car, truck, or van - drove alone: - 100 to 149 percent of the poverty level","Margin of Error; Total: - Car, truck, or van - drove alone: - 100 to 149 percent of the poverty level","Estimate; Total: - Car, truck, or van - drove alone: - At or above 150 percent of the poverty level","Margin of Error; Total: - Car, truck, or van - drove alone: - At or above 150 percent of the poverty level","Estimate; Total: - Car, truck, or van - carpooled:","Margin of Error; Total: - Car, truck, or van - carpooled:","Estimate; Total: - Car, truck, or van - carpooled: - Below 100 percent of the poverty level","Margin of Error; Total: - Car, truck, or van - carpooled: - Below 100 percent of the poverty level","Estimate; Total: - Car, truck, or van - carpooled: - 100 to 149 percent of the poverty level","Margin of Error; Total: - Car, truck, or van - carpooled: - 100 to 149 percent of the poverty level","Estimate; Total: - Car, truck, or van - carpooled: - At or above 150 percent of the poverty level","Margin of Error; Total: - Car, truck, or van - carpooled: - At or above 150 percent of the poverty level",Estimate; Total: - Public transportation (excluding taxicab):,Margin of Error; Total: - Public transportation (excluding taxicab):,Estimate; Total: - Public transportation (excluding taxicab): - Below 100 percent of the poverty level,Margin of Error; Total: - Public transportation (excluding taxicab): - Below 100 percent of the poverty level,Estimate; Total: - Public transportation (excluding taxicab): - 100 to 149 percent of the poverty level,Margin of Error; Total: - Public transportation (excluding taxicab): - 100 to 149 percent of the poverty level,Estimate; Total: - Public transportation (excluding taxicab): - At or above 150 percent of the poverty level,Margin of Error; Total: - Public transportation (excluding taxicab): - At or above 150 percent of the poverty level,Estimate; Total: - Walked:,Margin of Error; Total: - Walked:,Estimate; Total: - Walked: - Below 100 percent of the poverty level,Margin of Error; Total: - Walked: - Below 100 percent of the poverty level,Estimate; Total: - Walked: - 100 to 149 percent of the poverty level,Margin of Error; Total: - Walked: - 100 to 149 percent of the poverty level,Estimate; Total: - Walked: - At or above 150 percent of the poverty level,Margin of Error; Total: - Walked: - At or above 150 percent of the poverty level,"Estimate; Total: - Taxicab, motorcycle, bicycle, or other means:","Margin of Error; Total: - Taxicab, motorcycle, bicycle, or other means:","Estimate; Total: - Taxicab, motorcycle, bicycle, or other means: - Below 100 percent of the poverty level","Margin of Error; Total: - Taxicab, motorcycle, bicycle, or other means: - Below 100 percent of the poverty level","Estimate; Total: - Taxicab, motorcycle, bicycle, or other means: - 100 to 149 percent of the poverty level","Margin of Error; Total: - Taxicab, motorcycle, bicycle, or other means: - 100 to 149 percent of the poverty level","Estimate; Total: - Taxicab, motorcycle, bicycle, or other means: - At or above 150 percent of the poverty level","Margin of Error; Total: - Taxicab, motorcycle, bicycle, or other means: - At or above 150 percent of the poverty level",Estimate; Total: - Worked at home:,Margin of Error; Total: - Worked at home:,Estimate; Total: - Worked at home: - Below 100 percent of the poverty level,Margin of Error; Total: - Worked at home: - Below 100 percent of the poverty level,Estimate; Total: - Worked at home: - 100 to 149 percent of the poverty level,Margin of Error; Total: - Worked at home: - 100 to 149 percent of the poverty level,Estimate; Total: - Worked at home: - At or above 150 percent of the poverty level,Margin of Error; Total: - Worked at home: - At or above 150 percent of the poverty level
1400000US37119000100,37119000100,"Census Tract 1, Mecklenburg County, North Carolina",3446,374,163,153,29,45,3254,387,1638,397,37,36,29,45,1572,390,28,31,0,12,0,12,28,31,38,40,1,3,0,12,37,40,1297,299,125,161,0,12,1172,241,58,69,0,12,0,12,58,69,387,175,0,12,0,12,387,175
1400000US37119000300,37119000300,"Census Tract 3, Mecklenburg County, North Carolina",375,74,26,18,5,7,344,77,313,69,26,18,0,12,287,70,0,12,0,12,0,12,0,12,11,17,0,12,0,12,11,17,23,14,0,12,5,7,18,12,0,12,0,12,0,12,0,12,28,26,0,12,0,12,28,26
1400000US37119000400,37119000400,"Census Tract 4, Mecklenburg County, North Carolina",2251,199,139,81,38,30,2074,232,1308,205,47,41,38,30,1223,212,91,72,50,55,0,12,41,47,159,80,33,31,0,12,126,73,371,125,0,12,0,12,371,125,49,49,0,12,0,12,49,49,273,91,9,14,0,12,264,91
1400000US37119000500,37119000500,"Census Tract 5, Mecklenburg County, North Carolina",3118,356,147,74,280,197,2691,334,1750,353,73,55,125,171,1552,301,232,136,0,12,69,72,163,125,139,111,0,12,0,12,139,111,698,254,74,68,86,70,538,235,113,125,0,12,0,12,113,125,186,117,0,12,0,12,186,117
1400000US37119000600,37119000600,"Census Tract 6, Mecklenburg County, North Carolina",1961,203,133,74,199,95,1629,244,1195,175,85,56,131,75,979,198,63,48,15,23,0,12,48,40,126,71,0,12,27,42,99,61,415,134,33,29,15,24,367,133,58,47,0,12,4,7,54,46,104,55,0,12,22,34,82,45
1400000US37119000700,37119000700,"Census Tract 7, Mecklenburg County, North Carolina",502,87,21,19,46,32,435,83,414,67,21,19,46,32,347,64,15,13,0,12,0,12,15,13,0,12,0,12,0,12,0,12,13,20,0,12,0,12,13,20,16,12,0,12,0,12,16,12,44,38,0,12,0,12,44,38
1400000US37119000800,37119000800,"Census Tract 8, Mecklenburg County, North Carolina",1132,128,224,81,327,104,581,112,658,101,122,54,123,47,413,97,236,77,6,9,159,73,71,44,188,90,84,55,41,29,63,49,0,12,0,12,0,12,0,12,16,15,0,12,0,12,16,15,34,24,12,14,4,6,18,17
1400000US37119000900,37119000900,"Census Tract 9, Mecklenburg County, North Carolina",911,146,149,71,124,70,638,126,618,139,35,28,95,65,488,136,141,89,59,65,0,12,82,54,118,46,55,34,20,21,43,30,0,12,0,12,0,12,0,12,16,17,0,12,9,11,7,12,18,17,0,12,0,12,18,17
1400000US37119001000,37119001000,"Census Tract 10, Mecklenburg County, North Carolina",1620,166,89,72,78,74,1453,183,1228,162,46,57,78,74,1104,170,61,41,0,12,0,12,61,41,74,63,36,50,0,12,38,40,46,41,0,12,0,12,46,41,42,46,0,12,0,12,42,46,169,84,7,12,0,12,162,83
1400000US37119001100,37119001100,"Census Tract 11, Mecklenburg County, North Carolina",1574,181,64,52,29,34,1481,171,1195,141,22,26,20,30,1153,144,140,80,0,12,4,6,136,79,15,14,0,12,0,12,15,14,52,50,0,12,0,12,52,50,45,43,28,40,5,7,12,14,127,64,14,17,0,12,113,60
1400000US37119001200,37119001200,"Census Tract 12, Mecklenburg County, North Carolina",3066,492,297,164,402,286,2367,392,1801,287,96,99,175,135,1530,260,734,301,97,90,227,242,410,226,217,152,88,77,0,17,129,131,17,26,0,17,0,17,17,26,52,51,0,17,0,17,52,51,245,135,16,24,0,17,229,131
1400000US37119001300,37119001300,"Census Tract 13, Mecklenburg County, North Carolina",1839,236,178,83,142,74,1519,261,1420,218,106,70,119,70,1195,230,183,117,40,44,0,12,143,108,166,71,25,23,17,25,124,65,7,10,7,10,0,12,0,12,6,10,0,12,6,10,0,12,57,50,0,12,0,12,57,50
1400000US37119001400,37119001400,"Census Tract 14, Mecklenburg County, North Carolina",1740,184,144,77,23,20,1573,192,1451,201,57,42,8,12,1386,207,145,97,39,39,6,9,100,66,42,43,27,33,0,12,15,24,25,22,0,12,9,13,16,18,0,12,0,12,0,12,0,12,77,45,21,23,0,12,56,40
1400000US37119001504,37119001504,"Census Tract 15.04, Mecklenburg County, North Carolina",2669,509,444,217,392,263,1833,504,1679,361,389,205,222,171,1068,338,604,395,0,17,90,106,514,379,162,111,36,42,0,17,126,101,0,17,0,17,0,17,0,17,146,141,19,31,80,111,47,58,78,83,0,17,0,17,78,83
1400000US37119001505,37119001505,"Census Tract 15.05, Mecklenburg County, North Carolina",1858,249,205,119,129,84,1524,228,1446,218,174,117,84,64,1188,190,256,142,12,15,11,17,233,141,78,82,3,4,34,53,41,63,0,12,0,12,0,12,0,12,57,65,16,25,0,12,41,42,21,22,0,12,0,12,21,22
1400000US37119001507,37119001507,"Census Tract 15.07, Mecklenburg County, North Carolina",1786,268,318,145,387,198,1081,248,1059,246,152,100,284,151,623,208,514,199,105,110,87,83,322,165,121,73,30,34,2,6,89,63,14,22,0,12,14,22,0,12,0,12,0,12,0,12,0,12,78,58,31,39,0,12,47,44
1400000US37119001508,37119001508,"Census Tract 15.08, Mecklenburg County, North Carolina",2812,352,131,96,305,111,2376,352,2061,306,53,66,205,104,1803,277,484,249,55,67,67,83,362,234,53,69,0,17,0,17,53,69,0,17,0,17,0,17,0,17,0,17,0,17,0,17,0,17,214,114,23,29,33,57,158,89
1400000US37119001509,37119001509,"Census Tract 15.09, Mecklenburg County, North Carolina",1391,232,120,100,111,93,1160,246,995,183,55,60,79,57,861,183,216,114,25,40,23,39,168,108,30,26,14,23,9,15,7,12,108,146,0,12,0,12,108,146,16,25,0,12,0,12,16,25,26,42,26,42,0,12,0,12
1400000US37119001510,37119001510,"Census Tract 15.10, Mecklenburg County, North Carolina",1284,170,123,81,179,101,982,168,1016,179,120,82,64,68,832,168,151,76,0,12,51,57,100,52,70,59,3,7,30,43,37,44,7,12,0,12,0,12,7,12,0,12,0,12,0,12,0,12,40,50,0,12,34,48,6,9
1400000US37119001603,37119001603,"Census Tract 16.03, Mecklenburg County, North Carolina",1911,261,335,107,412,157,1164,223,1352,275,239,98,268,136,845,187,300,126,56,49,61,49,183,101,159,99,40,42,62,77,57,61,0,12,0,12,0,12,0,12,98,97,0,12,19,31,79,93,2,4,0,12,2,4,0,12
1400000US37119001605,37119001605,"Census Tract 16.05, Mecklenburg County, North Carolina",1062,169,191,89,172,133,699,141,641,104,122,66,46,37,473,96,254,171,56,54,76,121,122,101,73,55,8,9,50,52,15,23,9,10,5,8,0,12,4,6,5,8,0,12,0,12,5,8,80,88,0,12,0,12,80,88
1400000US37119001606,37119001606,"Census Tract 16.06, Mecklenburg County, North Carolina",2139,312,300,150,348,237,1491,370,1400,247,248,143,159,185,993,232,444,215,12,30,150,141,282,199,166,99,33,53,29,47,104,72,0,12,0,12,0,12,0,12,34,40,0,12,0,12,34,40,95,77,7,12,10,15,78,73
1400000US37119001607,37119001607,"Census Tract 16.07, Mecklenburg County, North Carolina",1515,216,140,96,486,248,889,194,870,135,55,47,227,121,588,149,364,173,77,65,160,168,127,77,112,66,8,13,38,45,66,66,70,72,0,12,0,12,70,72,51,63,0,12,51,63,0,12,48,28,0,12,10,15,38,24
1400000US37119001608,37119001608,"Census Tract 16.08, Mecklenburg County, North Carolina",1886,250,299,112,258,109,1329,237,1274,166,180,90,145,79,949,157,489,178,78,63,87,67,324,142,82,58,25,30,26,41,31,39,7,11,7,11,0,12,0,12,34,28,9,14,0,12,25,29,0,12,0,12,0,12,0,12
1400000US37119001609,37119001609,"Census Tract 16.09, Mecklenburg County, North Carolina",1565,179,155,65,147,67,1263,188,1154,187,121,64,114,62,919,174,236,135,12,18,24,27,200,131,40,34,11,18,0,12,29,30,6,10,6,10,0,12,0,12,35,36,5,9,0,12,30,30,94,68,0,12,9,12,85,66
1400000US37119001701,37119001701,"Census Tract 17.01, Mecklenburg County, North Carolina",2246,251,341,158,286,130,1619,270,1441,219,105,71,217,103,1119,210,537,185,172,96,50,51,315,163,134,72,14,16,10,15,110,70,24,38,24,38,0,12,0,12,0,12,0,12,0,12,0,12,110,61,26,39,9,15,75,51
1400000US37119001702,37119001702,"Census Tract 17.02, Mecklenburg County, North Carolina",2788,356,644,196,587,181,1557,277,1566,236,330,126,222,109,1014,215,854,328,146,95,346,179,362,185,259,139,148,127,19,29,92,75,35,57,0,17,0,17,35,57,20,30,20,30,0,17,0,17,54,30,0,17,0,17,54,30
1400000US37119001801,37119001801,"Census Tract 18.01, Mecklenburg County, North Carolina",829,90,55,40,105,47,669,103,713,82,47,39,82,42,584,98,12,12,6,9,0,12,6,8,25,27,2,4,18,26,5,8,4,7,0,12,0,12,4,7,11,11,0,12,5,7,6,8,64,45,0,12,0,12,64,45
1400000US37119001802,37119001802,"Census Tract 18.02, Mecklenburg County, North Carolina",1748,152,145,77,114,56,1489,182,1435,175,91,56,86,50,1258,177,168,114,18,29,0,12,150,111,40,33,15,24,10,17,15,16,10,15,0,12,0,12,10,15,21,33,0,12,0,12,21,33,74,51,21,33,18,28,35,29
1400000US37119001910,37119001910,"Census Tract 19.10, Mecklenburg County, North Carolina",2444,272,415,160,308,120,1721,305,1377,230,331,142,171,90,875,206,826,250,66,46,113,94,647,264,130,94,0,17,16,25,114,90,26,30,0,17,0,17,26,30,18,29,18,29,0,17,0,17,67,47,0,17,8,12,59,46
1400000US37119001911,37119001911,"Census Tract 19.11, Mecklenburg County, North Carolina",2921,265,147,84,291,152,2483,293,2304,259,107,75,188,107,2009,270,321,151,10,15,76,104,235,123,59,74,0,17,0,17,59,74,13,20,0,17,0,17,13,20,56,78,0,17,0,17,56,78,168,90,30,40,27,41,111,78
1400000US37119001912,37119001912,"Census Tract 19.12, Mecklenburg County, North Carolina",3419,492,556,225,582,346,2281,535,2158,360,317,164,286,178,1555,373,673,342,76,85,231,272,366,227,374,217,114,106,0,17,260,191,32,40,32,40,0,17,0,17,49,43,17,25,16,24,16,26,133,94,0,17,49,77,84,67
1400000US37119001914,37119001914,"Census Tract 19.14, Mecklenburg County, North Carolina",1801,349,271,134,244,130,1286,310,1200,259,156,83,155,83,889,254,286,161,10,18,65,100,211,93,233,148,61,55,24,25,148,140,44,66,44,66,0,12,0,12,0,12,0,12,0,12,0,12,38,35,0,12,0,12,38,35
1400000US37119001915,37119001915,"Census Tract 19.15, Mecklenburg County, North Carolina",3121,398,460,202,470,211,2191,429,2228,428,284,157,305,186,1639,393,463,186,57,64,150,120,256,140,261,132,108,117,0,17,153,95,90,74,11,18,15,25,64,67,0,17,0,17,0,17,0,17,79,67,0,17,0,17,79,67
1400000US37119001916,37119001916,"Census Tract 19.16, Mecklenburg County, North Carolina",1690,258,125,67,147,90,1418,243,1371,239,89,53,139,88,1143,226,98,66,9,16,8,13,81,60,65,60,9,16,0,12,56,53,0,12,0,12,0,12,0,12,28,27,10,15,0,12,18,21,128,92,8,14,0,12,120,93
1400000US37119001917,37119001917,"Census Tract 19.17, Mecklenburg County, North Carolina",1957,271,371,129,113,72,1473,293,1346,233,212,104,65,53,1069,200,425,205,116,103,36,47,273,187,2,4,2,4,0,12,0,12,0,12,0,12,0,12,0,12,59,49,25,39,12,20,22,24,125,72,16,25,0,12,109,69
1400000US37119001918,37119001918,"Census Tract 19.18, Mecklenburg County, North Carolina",2154,234,301,121,331,161,1522,272,1692,232,301,121,228,124,1163,249,234,118,0,12,53,51,181,113,96,56,0,12,14,23,82,54,18,28,0,12,0,12,18,28,10,16,0,12,0,12,10,16,104,95,0,12,36,55,68,53
1400000US37119001919,37119001919,"Census Tract 19.19, Mecklenburg County, North Carolina",1913,217,294,103,254,111,1365,216,1365,234,130,74,217,91,1018,215,291,123,81,63,17,26,193,97,105,81,54,69,8,11,43,46,12,19,0,12,12,19,0,12,9,16,0,12,0,12,9,16,131,124,29,34,0,12,102,109
1400000US37119001920,37119001920,"Census Tract 19.20, Mecklenburg County, North Carolina",2136,273,247,159,216,101,1673,305,1584,224,173,112,158,81,1253,221,412,172,67,73,15,25,330,187,65,61,1,2,17,33,47,51,46,49,0,12,26,40,20,31,12,21,0,12,0,12,12,21,17,25,6,10,0,12,11,22
1400000US37119001921,37119001921,"Census Tract 19.21, Mecklenburg County, North Carolina",1089,119,55,40,108,79,926,135,808,101,31,23,58,41,719,108,188,101,0,12,29,30,159,98,51,63,20,29,21,32,10,17,6,10,0,12,0,12,6,10,9,14,0,12,0,12,9,14,27,20,4,7,0,12,23,18
1400000US37119001922,37119001922,"Census Tract 19.22, Mecklenburg County, North Carolina",1932,294,202,112,226,109,1504,262,1710,294,140,94,203,98,1367,258,166,89,62,58,23,32,81,64,0,12,0,12,0,12,0,12,26,37,0,12,0,12,26,37,0,12,0,12,0,12,0,12,30,35,0,12,0,12,30,35
1400000US37119001923,37119001923,"Census Tract 19.23, Mecklenburg County, North Carolina",1930,259,323,173,206,91,1401,321,1545,225,284,168,181,88,1080,260,221,119,25,30,11,16,185,114,111,89,14,20,0,12,97,89,7,12,0,12,7,12,0,12,9,17,0,12,0,12,9,17,37,28,0,12,7,11,30,26
1400000US37119002002,37119002002,"Census Tract 20.02, Mecklenburg County, North Carolina",2946,343,143,142,20,30,2783,316,2490,298,112,141,20,30,2358,268,213,141,11,18,0,17,202,141,15,26,0,17,0,17,15,26,37,43,0,17,0,17,37,43,9,16,0,17,0,17,9,16,182,105,20,30,0,17,162,92
1400000US37119002003,37119002003,"Census Tract 20.03, Mecklenburg County, North Carolina",2619,354,183,124,103,96,2333,387,2171,328,182,124,38,32,1951,338,206,128,0,17,65,90,141,105,60,75,1,3,0,17,59,75,19,30,0,17,0,17,19,30,15,24,0,17,0,17,15,24,148,84,0,17,0,17,148,84
1400000US37119002004,37119002004,"Census Tract 20.04, Mecklenburg County, North Carolina",2614,271,109,84,346,195,2159,322,1937,353,98,67,116,93,1723,353,398,235,0,12,215,170,183,165,55,52,0,12,15,23,40,46,39,62,0,12,0,12,39,62,34,47,11,34,0,12,23,36,151,83,0,12,0,12,151,83
1400000US37119002100,37119002100,"Census Tract 21, Mecklenburg County, North Carolina",1450,168,202,110,147,95,1101,169,1040,149,133,95,62,41,845,129,221,111,41,41,46,62,134,85,97,99,21,33,39,61,37,30,0,12,0,12,0,12,0,12,0,12,0,12,0,12,0,12,92,74,7,11,0,12,85,74
1400000US37119002200,37119002200,"Census Tract 22, Mecklenburg County, North Carolina",2523,277,135,95,44,33,2344,281,1967,256,99,92,27,30,1841,253,135,88,12,18,17,28,106,75,60,45,12,18,0,12,48,41,21,26,0,12,0,12,21,26,107,138,0,12,0,12,107,138,233,110,12,20,0,12,221,105
1400000US37119002300,37119002300,"Census Tract 23, Mecklenburg County, North Carolina",804,134,244,80,97,42,463,103,481,109,154,62,36,23,291,85,122,63,10,15,27,29,85,53,172,62,69,46,28,26,75,33,25,24,11,17,6,10,8,12,4,6,0,12,0,12,4,6,0,12,0,12,0,12,0,12
1400000US37119002400,37119002400,"Census Tract 24, Mecklenburg County, North Carolina",2051,214,123,100,133,103,1795,193,1690,241,89,93,104,90,1497,210,114,63,26,42,0,12,88,49,94,55,0,12,29,43,65,48,8,13,8,13,0,12,0,12,29,25,0,12,0,12,29,25,116,69,0,12,0,12,116,69
1400000US37119002500,37119002500,"Census Tract 25, Mecklenburg County, North Carolina",1330,120,52,34,54,38,1224,120,1054,124,47,33,43,34,964,123,78,40,0,12,11,17,67,37,24,25,0,12,0,12,24,25,28,23,0,12,0,12,28,23,32,31,0,12,0,12,32,31,114,44,5,9,0,12,109,39
1400000US37119002600,37119002600,"Census Tract 26, Mecklenburg County, North Carolina",536,99,74,63,27,20,435,74,485,90,74,63,27,20,384,67,5,8,0,12,0,12,5,8,5,12,0,12,0,12,5,12,18,22,0,12,0,12,18,22,0,12,0,12,0,12,0,12,23,21,0,12,0,12,23,21
1400000US37119002701,37119002701,"Census Tract 27.01, Mecklenburg County, North Carolina",993,138,59,52,36,36,898,125,802,129,33,30,27,32,742,115,59,38,0,12,9,15,50,34,16,26,0,12,0,12,16,26,28,25,0,12,0,12,28,25,12,13,0,12,0,12,12,13,76,59,26,42,0,12,50,41
1400000US37119002702,37119002702,"Census Tract 27.02, Mecklenburg County, North Carolina",2517,263,52,69,67,93,2398,271,2047,300,0,17,67,93,1980,288,113,88,0,17,0,17,113,88,29,33,0,17,0,17,29,33,16,25,0,17,0,17,16,25,115,95,19,31,0,17,96,93,197,104,33,49,0,17,164,96
1400000US37119002800,37119002800,"Census Tract 28, Mecklenburg County, North Carolina",1510,147,6,11,4,8,1500,147,1247,138,6,11,4,8,1237,139,77,51,0,12,0,12,77,51,0,12,0,12,0,12,0,12,26,23,0,12,0,12,26,23,16,18,0,12,0,12,16,18,144,64,0,12,0,12,144,64
1400000US37119002903,37119002903,"Census Tract 29.03, Mecklenburg County, North Carolina",1967,163,119,85,52,63,1796,160,1653,169,112,85,52,63,1489,159,70,50,0,12,0,12,70,50,7,11,7,11,0,12,0,12,70,48,0,12,0,12,70,48,56,40,0,12,0,12,56,40,111,54,0,12,0,12,111,54
1400000US37119002904,37119002904,"Census Tract 29.04, Mecklenburg County, North Carolina",3225,392,110,102,14,21,3101,392,2483,353,110,102,14,21,2359,356,145,81,0,17,0,17,145,81,125,111,0,17,0,17,125,111,0,17,0,17,0,17,0,17,0,17,0,17,0,17,0,17,472,170,0,17,0,17,472,170
1400000US37119002905,37119002905,"Census Tract 29.05, Mecklenburg County, North Carolina",1528,173,3,4,10,15,1515,173,1285,177,0,12,10,15,1275,177,50,39,0,12,0,12,50,39,18,21,1,3,0,12,17,22,10,15,0,12,0,12,10,15,36,28,2,4,0,12,34,28,129,44,0,12,0,12,129,44
1400000US37119002906,37119002906,"Census Tract 29.06, Mecklenburg County, North Carolina",2422,277,140,135,38,30,2244,233,1909,247,82,112,27,24,1800,223,136,93,0,12,11,17,125,92,0,12,0,12,0,12,0,12,62,46,0,12,0,12,62,46,108,91,50,80,0,12,58,43,207,88,8,12,0,12,199,86
1400000US37119003006,37119003006,"Census Tract 30.06, Mecklenburg County, North Carolina",2219,158,79,65,35,34,2105,159,1793,166,47,46,35,34,1711,162,105,72,0,12,0,12,105,72,56,50,16,25,0,12,40,46,35,33,16,24,0,12,19,24,32,27,0,12,0,12,32,27,198,85,0,12,0,12,198,85
1400000US37119003007,37119003007,"Census Tract 30.07, Mecklenburg County, North Carolina",3362,371,190,178,22,35,3150,354,2746,349,190,178,22,35,2534,343,204,185,0,17,0,17,204,185,59,50,0,17,0,17,59,50,38,36,0,17,0,17,38,36,49,78,0,17,0,17,49,78,266,128,0,17,0,17,266,128
1400000US37119003008,37119003008,"Census Tract 30.08, Mecklenburg County, North Carolina",2990,313,42,43,158,103,2790,314,2604,337,42,43,123,92,2439,340,143,125,0,17,0,17,143,125,51,56,0,17,0,17,51,56,0,17,0,17,0,17,0,17,0,17,0,17,0,17,0,17,192,94,0,17,35,54,157,75
1400000US37119003011,37119003011,"Census Tract 30.11, Mecklenburg County, North Carolina",2937,249,164,171,0,17,2773,259,2248,277,116,115,0,17,2132,287,241,128,0,17,0,17,241,128,11,17,0,17,0,17,11,17,48,74,48,74,0,17,0,17,40,39,0,17,0,17,40,39,349,112,0,17,0,17,349,112
1400000US37119003012,37119003012,"Census Tract 30.12, Mecklenburg County, North Carolina",2383,278,63,72,145,86,2175,263,1635,237,17,20,94,63,1524,242,205,119,0,12,0,12,205,119,84,51,0,12,28,42,56,37,190,243,46,69,0,12,144,175,48,49,0,12,0,12,48,49,221,77,0,12,23,36,198,73
1400000US37119003013,37119003013,"Census Tract 30.13, Mecklenburg County, North Carolina",2592,227,109,90,83,59,2400,237,1962,250,62,51,83,59,1817,235,373,169,47,74,0,17,326,156,12,20,0,17,0,17,12,20,30,35,0,17,0,17,30,35,0,17,0,17,0,17,0,17,215,149,0,17,0,17,215,149
1400000US37119003015,37119003015,"Census Tract 30.15, Mecklenburg County, North Carolina",2300,191,13,16,65,64,2222,188,1803,163,9,13,12,15,1782,165,156,98,4,9,0,12,152,97,0,12,0,12,0,12,0,12,0,12,0,12,0,12,0,12,29,28,0,12,0,12,29,28,312,125,0,12,53,60,259,105
1400000US37119003016,37119003016,"Census Tract 30.16, Mecklenburg County, North Carolina",2470,221,41,38,140,84,2289,244,2070,219,41,38,133,84,1896,244,101,61,0,12,0,12,101,61,36,26,0,12,7,12,29,22,0,12,0,12,0,12,0,12,0,12,0,12,0,12,0,12,263,106,0,12,0,12,263,106
1400000US37119003017,37119003017,"Census Tract 30.17, Mecklenburg County, North Carolina",1828,173,131,99,12,18,1685,174,1589,175,94,83,12,18,1483,171,55,51,29,44,0,12,26,26,0,12,0,12,0,12,0,12,17,19,0,12,0,12,17,19,1,4,0,12,0,12,1,4,166,73,8,14,0,12,158,72
1400000US37119003018,37119003018,"Census Tract 30.18, Mecklenburg County, North Carolina",1367,143,34,27,48,42,1285,143,921,132,32,27,36,35,853,129,153,121,2,4,0,12,151,121,113,64,0,12,0,12,113,64,19,26,0,12,6,10,13,23,42,42,0,12,0,12,42,42,119,63,0,12,6,9,113,61
1400000US37119003102,37119003102,"Census Tract 31.02, Mecklenburg County, North Carolina",2905,324,225,134,381,232,2299,406,2382,354,196,135,193,143,1993,409,173,113,0,12,112,106,61,54,103,79,29,24,0,12,74,73,44,71,0,12,0,12,44,71,107,128,0,12,76,124,31,37,96,100,0,12,0,12,96,100
1400000US37119003103,37119003103,"Census Tract 31.03, Mecklenburg County, North Carolina",2766,380,111,69,168,124,2487,369,2165,376,79,57,127,100,1959,357,214,114,13,20,24,27,177,111,11,17,0,12,0,12,11,17,0,12,0,12,0,12,0,12,164,110,19,30,0,12,145,108,212,94,0,12,17,31,195,93
1400000US37119003105,37119003105,"Census Tract 31.05, Mecklenburg County, North Carolina",2092,210,10,16,33,52,2049,221,1671,183,10,16,22,35,1639,189,102,93,0,12,0,12,102,93,31,37,0,12,0,12,31,37,9,13,0,12,0,12,9,13,31,45,0,12,0,12,31,45,248,113,0,12,11,18,237,114
1400000US37119003106,37119003106,"Census Tract 31.06, Mecklenburg County, North Carolina",1781,212,245,105,108,59,1428,226,1362,176,142,79,77,42,1143,185,225,138,103,94,21,36,101,81,34,27,0,12,0,12,34,27,0,12,0,12,0,12,0,12,41,31,0,12,0,12,41,31,119,78,0,12,10,17,109,77
1400000US37119003108,37119003108,"Census Tract 31.08, Mecklenburg County, North Carolina",1871,237,348,117,193,88,1330,211,1177,190,169,81,31,32,977,186,388,187,115,89,162,82,111,97,163,82,48,50,0,12,115,62,0,12,0,12,0,12,0,12,22,29,0,12,0,12,22,29,121,73,16,23,0,12,105,65
1400000US37119003109,37119003109,"Census Tract 31.09, Mecklenburg County, North Carolina",2365,258,339,113,387,115,1639,255,1532,168,191,83,232,90,1109,175,461,167,96,75,104,69,261,139,298,111,44,48,35,42,219,111,8,12,8,12,0,12,0,12,26,30,0,12,0,12,26,30,40,39,0,12,16,26,24,28
1400000US37119003201,37119003201,"Census Tract 32.01, Mecklenburg County, North Carolina",1318,222,136,113,45,39,1137,227,950,203,87,71,24,30,839,202,214,137,49,64,6,11,159,127,72,47,0,12,15,24,57,43,15,24,0,12,0,12,15,24,7,12,0,12,0,12,7,12,60,50,0,12,0,12,60,50
1400000US37119003203,37119003203,"Census Tract 32.03, Mecklenburg County, North Carolina",1839,204,344,139,191,122,1304,201,1511,234,308,140,63,53,1140,225,108,70,0,12,23,35,85,59,123,88,10,15,64,57,49,44,61,57,0,12,31,46,30,31,36,40,26,36,10,16,0,12,0,12,0,12,0,12,0,12
1400000US37119003204,37119003204,"Census Tract 32.04, Mecklenburg County, North Carolina",2094,197,82,59,72,57,1940,200,1771,199,52,52,72,57,1647,188,117,81,0,12,0,12,117,81,71,46,15,19,0,12,56,41,28,32,0,12,0,12,28,32,18,23,4,9,0,12,14,21,89,55,11,17,0,12,78,52
1400000US37119003300,37119003300,"Census Tract 33, Mecklenburg County, North Carolina",2014,243,251,119,97,63,1666,225,1638,240,165,77,63,49,1410,225,72,51,0,12,0,12,72,51,144,75,35,56,13,20,96,48,38,35,0,12,21,30,17,19,48,45,29,39,0,12,19,22,74,49,22,35,0,12,52,36
1400000US37119003400,37119003400,"Census Tract 34, Mecklenburg County, North Carolina",3233,352,88,73,22,27,3123,357,2760,320,66,65,17,24,2677,327,115,91,3,6,0,17,112,91,61,61,0,17,0,17,61,61,30,33,0,17,0,17,30,33,36,58,0,17,0,17,36,58,231,94,19,31,5,13,207,84
1400000US37119003500,37119003500,"Census Tract 35, Mecklenburg County, North Carolina",1449,165,0,12,0,12,1449,165,1047,165,0,12,0,12,1047,165,77,64,0,12,0,12,77,64,18,21,0,12,0,12,18,21,105,51,0,12,0,12,105,51,18,19,0,12,0,12,18,19,184,90,0,12,0,12,184,90
1400000US37119003600,37119003600,"Census Tract 36, Mecklenburg County, North Carolina",1819,231,240,83,189,117,1390,216,1181,214,116,73,99,72,966,198,182,79,36,41,9,14,137,69,229,89,68,52,13,22,148,75,51,46,0,12,0,12,51,46,88,86,20,31,68,81,0,12,88,56,0,12,0,12,88,56
1400000US37119003700,37119003700,"Census Tract 37, Mecklenburg County, North Carolina",1483,196,121,66,181,112,1181,196,1013,187,87,59,71,50,855,178,41,40,0,12,0,12,41,40,281,126,34,34,95,101,152,78,65,55,0,12,0,12,65,55,11,18,0,12,0,12,11,18,72,65,0,12,15,24,57,61
1400000US37119003802,37119003802,"Census Tract 38.02, Mecklenburg County, North Carolina",1248,224,205,106,147,100,896,190,882,187,96,61,77,59,709,178,213,135,53,81,51,56,109,86,126,61,56,40,18,32,52,49,0,12,0,12,0,12,0,12,9,13,0,12,1,2,8,12,18,20,0,12,0,12,18,20
1400000US37119003805,37119003805,"Census Tract 38.05, Mecklenburg County, North Carolina",1452,186,122,76,95,48,1235,187,787,146,86,65,72,42,629,121,370,187,29,40,15,21,326,173,241,103,7,11,8,12,226,101,26,23,0,12,0,12,26,23,28,31,0,12,0,12,28,31,0,12,0,12,0,12,0,12
1400000US37119003806,37119003806,"Census Tract 38.06, Mecklenburg County, North Carolina",5231,811,261,108,681,343,4289,591,3913,521,139,84,396,198,3378,459,942,645,68,50,285,273,589,406,202,123,18,30,0,17,184,111,82,69,36,42,0,17,46,57,41,66,0,17,0,17,41,66,51,55,0,17,0,17,51,55
1400000US37119003807,37119003807,"Census Tract 38.07, Mecklenburg County, North Carolina",2082,255,358,156,369,167,1355,216,1285,199,224,129,146,91,915,184,410,185,66,48,115,126,229,115,301,103,47,44,87,61,167,68,21,32,21,32,0,12,0,12,8,14,0,12,8,14,0,12,57,41,0,12,13,15,44,39
1400000US37119003808,37119003808,"Census Tract 38.08, Mecklenburg County, North Carolina",2972,343,574,157,538,176,1860,336,1624,215,297,116,325,101,1002,184,967,263,154,82,193,119,620,253,227,97,77,77,20,26,130,73,46,53,46,53,0,17,0,17,73,118,0,17,0,17,73,118,35,55,0,17,0,17,35,55
1400000US37119003902,37119003902,"Census Tract 39.02, Mecklenburg County, North Carolina",1706,273,317,122,141,79,1248,273,1345,246,235,99,81,67,1029,231,90,68,0,17,48,39,42,56,219,90,49,43,0,17,170,81,7,10,0,17,0,17,7,10,45,55,33,52,12,19,0,17,0,17,0,17,0,17,0,17
1400000US37119003903,37119003903,"Census Tract 39.03, Mecklenburg County, North Carolina",442,128,162,60,53,48,227,101,248,63,93,47,31,32,124,54,10,16,10,16,0,12,0,12,98,45,40,32,11,19,47,31,0,12,0,12,0,12,0,12,80,91,19,24,11,16,50,68,6,12,0,12,0,12,6,12
1400000US37119004000,37119004000,"Census Tract 40, Mecklenburg County, North Carolina",1705,275,248,118,257,103,1200,236,1250,258,145,83,160,94,945,205,206,98,29,29,48,40,129,78,100,65,19,24,18,29,63,52,0,12,0,12,0,12,0,12,85,54,39,43,17,27,29,33,64,45,16,29,14,20,34,34
1400000US37119004100,37119004100,"Census Tract 41, Mecklenburg County, North Carolina",1933,234,167,101,187,107,1579,233,1373,240,77,53,118,69,1178,229,241,151,46,63,0,12,195,148,163,100,38,60,28,34,97,75,80,69,6,11,41,45,33,51,27,31,0,12,0,12,27,31,49,40,0,12,0,12,49,40
1400000US37119004200,37119004200,"Census Tract 42, Mecklenburg County, North Carolina",1405,226,246,118,233,116,926,196,833,169,103,67,124,76,606,149,252,130,10,14,53,68,189,104,241,100,106,62,42,42,93,78,47,47,27,39,10,16,10,17,28,43,0,12,0,12,28,43,4,8,0,12,4,8,0,12
1400000US37119004302,37119004302,"Census Tract 43.02, Mecklenburg County, North Carolina",1967,312,308,134,369,181,1290,306,1521,293,172,112,264,156,1085,269,135,99,0,12,0,12,135,99,199,96,82,80,87,77,30,35,46,55,46,55,0,12,0,12,66,65,8,12,18,29,40,57,0,12,0,12,0,12,0,12
1400000US37119004303,37119004303,"Census Tract 43.03, Mecklenburg County, North Carolina",1397,178,129,74,113,56,1155,170,1125,144,58,30,88,50,979,149,104,52,18,21,12,19,74,42,36,46,28,44,0,12,8,12,19,21,0,12,0,12,19,21,55,43,20,29,0,12,35,34,58,34,5,8,13,19,40,29
1400000US37119004304,37119004304,"Census Tract 43.04, Mecklenburg County, North Carolina",1993,248,121,65,212,117,1660,265,1514,213,84,53,139,98,1291,227,216,108,7,12,25,40,184,96,71,58,17,28,29,43,25,27,43,47,13,23,0,12,30,40,91,77,0,12,0,12,91,77,58,57,0,12,19,30,39,49
1400000US37119004305,37119004305,"Census Tract 43.05, Mecklenburg County, North Carolina",2196,379,279,179,348,225,1569,254,1910,374,237,174,309,218,1364,279,69,64,0,17,6,17,63,63,77,76,20,34,21,37,36,43,96,122,22,38,0,17,74,114,12,19,0,17,12,19,0,17,32,53,0,17,0,17,32,53
1400000US37119004400,37119004400,"Census Tract 44, Mecklenburg County, North Carolina",2171,300,137,106,256,160,1778,308,1780,295,67,68,256,160,1457,304,290,124,52,46,0,12,238,115,33,32,12,19,0,12,21,24,0,12,0,12,0,12,0,12,40,53,6,10,0,12,34,53,28,35,0,12,0,12,28,35
1400000US37119004500,37119004500,"Census Tract 45, Mecklenburg County, North Carolina",1154,218,206,105,306,159,642,177,798,175,77,51,174,96,547,147,107,76,28,41,64,71,15,21,101,69,56,54,17,26,28,34,16,21,0,12,0,12,16,21,94,63,45,50,42,44,7,12,38,48,0,12,9,30,29,40
1400000US37119004600,37119004600,"Census Tract 46, Mecklenburg County, North Carolina",1004,209,234,109,126,95,644,169,553,149,125,68,36,42,392,140,150,111,17,28,58,71,75,82,247,120,53,58,32,38,162,87,39,65,39,65,0,12,0,12,0,12,0,12,0,12,0,12,15,23,0,12,0,12,15,23
1400000US37119004700,37119004700,"Census Tract 47, Mecklenburg County, North Carolina",319,61,83,42,29,22,207,60,173,52,24,22,13,12,136,46,83,36,27,28,0,12,56,36,42,34,26,30,16,18,0,12,8,12,0,12,0,12,8,12,6,9,6,9,0,12,0,12,7,9,0,12,0,12,7,9
1400000US37119004800,37119004800,"Census Tract 48, Mecklenburg County, North Carolina",1248,162,141,70,232,117,875,167,853,136,87,48,84,67,682,143,126,62,14,21,33,33,79,48,207,100,40,45,81,94,86,60,7,11,0,12,0,12,7,11,14,23,0,12,14,23,0,12,41,43,0,12,20,33,21,31
1400000US37119004900,37119004900,"Census Tract 49, Mecklenburg County, North Carolina",212,67,37,28,0,12,175,66,188,63,26,22,0,12,162,64,9,9,4,7,0,12,5,7,11,11,7,9,0,12,4,7,0,12,0,12,0,12,0,12,0,12,0,12,0,12,0,12,4,6,0,12,0,12,4,6
1400000US37119005000,37119005000,"Census Tract 50, Mecklenburg County, North Carolina",690,138,111,50,75,42,504,155,597,128,89,44,64,37,444,140,32,23,17,17,6,9,9,11,30,38,5,8,0,12,25,37,5,8,0,12,0,12,5,8,5,7,0,12,0,12,5,7,21,24,0,12,5,10,16,23
1400000US37119005100,37119005100,"Census Tract 51, Mecklenburg County, North Carolina",838,156,143,75,136,74,559,143,503,115,43,35,53,40,407,108,144,74,41,33,18,16,85,69,136,69,30,32,51,50,55,53,9,19,9,19,0,12,0,12,14,22,14,22,0,12,0,12,32,30,6,9,14,23,12,18
1400000US37119005200,37119005200,"Census Tract 52, Mecklenburg County, North Carolina",715,139,125,54,250,96,340,88,407,90,59,37,145,64,203,62,129,61,15,17,82,49,32,26,143,63,51,34,23,23,69,45,6,8,0,12,0,12,6,8,13,22,0,12,0,12,13,22,17,20,0,12,0,12,17,20
1400000US37119005301,37119005301,"Census Tract 53.01, Mecklenburg County, North Carolina",1835,248,431,167,288,145,1116,250,1324,191,316,126,229,129,779,211,280,128,54,47,27,35,199,110,121,83,32,53,20,31,69,58,29,38,7,15,0,12,22,35,7,10,0,12,7,10,0,12,74,47,22,34,5,7,47,40
1400000US37119005305,37119005305,"Census Tract 53.05, Mecklenburg County, North Carolina",1871,242,378,144,209,131,1284,280,1381,269,282,134,73,53,1026,267,250,131,38,52,114,86,98,77,164,90,58,60,0,17,106,72,0,17,0,17,0,17,0,17,22,35,0,17,22,35,0,17,54,75,0,17,0,17,54,75
1400000US37119005306,37119005306,"Census Tract 53.06, Mecklenburg County, North Carolina",839,118,124,58,256,105,459,116,584,119,59,49,156,72,369,111,161,69,27,31,72,54,62,37,47,37,14,16,22,31,11,17,11,13,5,8,6,11,0,12,15,23,0,12,0,12,15,23,21,29,19,28,0,12,2,5
1400000US37119005307,37119005307,"Census Tract 53.07, Mecklenburg County, North Carolina",1662,256,199,90,281,113,1182,232,936,183,111,63,111,61,714,167,537,216,42,39,125,91,370,153,150,82,46,45,35,43,69,53,17,28,0,12,0,12,17,28,0,12,0,12,0,12,0,12,22,23,0,12,10,15,12,18
1400000US37119005308,37119005308,"Census Tract 53.08, Mecklenburg County, North Carolina",1199,185,302,90,155,63,742,164,586,112,134,63,65,42,387,113,395,144,67,40,58,34,270,123,175,85,76,63,20,22,79,57,11,13,5,8,0,12,6,10,16,19,8,12,8,15,0,12,16,14,12,13,4,7,0,12
1400000US37119005401,37119005401,"Census Tract 54.01, Mecklenburg County, North Carolina",3079,419,281,214,328,137,2470,414,2529,404,163,112,201,136,2165,403,201,105,43,70,113,66,45,41,139,114,48,78,14,25,77,71,28,42,27,42,0,17,1,3,0,17,0,17,0,17,0,17,182,119,0,17,0,17,182,119
1400000US37119005403,37119005403,"Census Tract 54.03, Mecklenburg County, North Carolina",1978,238,248,120,314,189,1416,256,1461,238,142,73,119,107,1200,241,269,129,31,44,110,104,128,67,125,88,32,33,85,68,8,13,0,12,0,12,0,12,0,12,0,12,0,12,0,12,0,12,123,78,43,49,0,12,80,63
1400000US37119005404,37119005404,"Census Tract 54.04, Mecklenburg County, North Carolina",2238,267,172,100,115,68,1951,241,1941,255,114,74,92,64,1735,240,156,69,21,27,23,20,112,71,78,56,24,27,0,12,54,49,33,35,13,20,0,12,20,30,20,21,0,12,0,12,20,21,10,16,0,12,0,12,10,16
1400000US37119005508,37119005508,"Census Tract 55.08, Mecklenburg County, North Carolina",2281,204,89,80,82,72,2110,233,1698,198,12,19,40,52,1646,202,169,163,0,12,8,13,161,163,0,12,0,12,0,12,0,12,18,27,0,12,0,12,18,27,6,10,0,12,0,12,6,10,390,143,77,79,34,53,279,106
1400000US37119005509,37119005509,"Census Tract 55.09, Mecklenburg County, North Carolina",3162,357,26,42,212,207,2924,327,2558,346,0,17,212,207,2346,307,343,145,26,42,0,17,317,141,17,30,0,17,0,17,17,30,39,52,0,17,0,17,39,52,0,17,0,17,0,17,0,17,205,83,0,17,0,17,205,83
1400000US37119005510,37119005510,"Census Tract 55.10, Mecklenburg County, North Carolina",2745,284,212,98,249,82,2284,272,2175,240,132,68,211,72,1832,225,341,136,41,55,30,37,270,114,0,17,0,17,0,17,0,17,41,46,0,17,0,17,41,46,56,47,31,44,0,17,25,30,132,90,8,14,8,12,116,84
1400000US37119005511,37119005511,"Census Tract 55.11, Mecklenburg County, North Carolina",2712,349,70,46,126,54,2516,362,2391,356,45,36,104,49,2242,358,213,111,6,9,0,12,207,111,9,15,0,12,0,12,9,15,22,34,0,12,22,34,0,12,12,20,0,12,0,12,12,20,65,52,19,29,0,12,46,43
1400000US37119005512,37119005512,"Census Tract 55.12, Mecklenburg County, North Carolina",2421,275,150,81,227,110,2044,309,1941,273,77,56,134,76,1730,285,241,114,73,61,70,60,98,73,64,62,0,17,0,17,64,62,0,17,0,17,0,17,0,17,43,47,0,17,23,39,20,30,132,86,0,17,0,17,132,86
1400000US37119005513,37119005513,"Census Tract 55.13, Mecklenburg County, North Carolina",2194,237,75,59,50,35,2069,235,1649,189,40,43,38,31,1571,187,318,203,20,31,12,17,286,199,18,13,0,12,0,12,18,13,11,18,0,12,0,12,11,18,56,70,0,12,0,12,56,70,142,73,15,24,0,12,127,69
1400000US37119005514,37119005514,"Census Tract 55.14, Mecklenburg County, North Carolina",3795,394,49,56,128,105,3618,413,2882,354,31,48,94,85,2757,365,248,148,0,17,0,17,248,148,114,85,0,17,18,29,96,79,16,26,0,17,16,26,0,17,46,42,0,17,0,17,46,42,489,175,18,28,0,17,471,176
1400000US37119005515,37119005515,"Census Tract 55.15, Mecklenburg County, North Carolina",1166,122,7,11,57,65,1102,121,934,123,7,11,27,32,900,132,22,24,0,12,0,12,22,24,6,11,0,12,0,12,6,11,0,12,0,12,0,12,0,12,17,21,0,12,0,12,17,21,187,100,0,12,30,33,157,88
1400000US37119005516,37119005516,"Census Tract 55.16, Mecklenburg County, North Carolina",943,86,26,30,33,29,884,76,792,97,15,22,22,23,755,88,30,27,0,12,0,12,30,27,0,12,0,12,0,12,0,12,0,12,0,12,0,12,0,12,17,22,11,20,0,12,6,9,104,42,0,12,11,17,93,41
1400000US37119005517,37119005517,"Census Tract 55.17, Mecklenburg County, North Carolina",2175,180,37,31,65,62,2073,167,1856,190,37,31,26,40,1793,182,138,71,0,12,39,47,99,55,24,24,0,12,0,12,24,24,27,25,0,12,0,12,27,25,8,12,0,12,0,12,8,12,122,65,0,12,0,12,122,65
1400000US37119005518,37119005518,"Census Tract 55.18, Mecklenburg County, North Carolina",3136,304,35,31,87,80,3014,296,2623,308,23,25,39,39,2561,309,237,137,0,17,48,69,189,141,47,33,0,17,0,17,47,33,89,88,0,17,0,17,89,88,12,19,12,19,0,17,0,17,128,75,0,17,0,17,128,75
1400000US37119005519,37119005519,"Census Tract 55.19, Mecklenburg County, North Carolina",2671,255,81,54,134,94,2456,260,2275,245,81,54,100,89,2094,241,114,63,0,12,34,38,80,53,21,23,0,12,0,12,21,23,19,21,0,12,0,12,19,21,0,12,0,12,0,12,0,12,242,89,0,12,0,12,242,89
1400000US37119005520,37119005520,"Census Tract 55.20, Mecklenburg County, North Carolina",2409,277,131,112,93,80,2185,240,2101,286,116,100,93,80,1892,270,121,101,15,23,0,12,106,81,0,12,0,12,0,12,0,12,37,35,0,12,0,12,37,35,13,20,0,12,0,12,13,20,137,84,0,12,0,12,137,84
1400000US37119005521,37119005521,"Census Tract 55.21, Mecklenburg County, North Carolina",4216,398,338,142,244,138,3634,391,3480,405,277,128,201,120,3002,399,556,234,47,59,43,53,466,243,0,17,0,17,0,17,0,17,0,17,0,17,0,17,0,17,18,30,0,17,0,17,18,30,162,108,14,24,0,17,148,101
1400000US37119005522,37119005522,"Census Tract 55.22, Mecklenburg County, North Carolina",2810,270,91,76,83,70,2636,275,2315,293,91,76,83,70,2141,280,181,117,0,12,0,12,181,117,145,96,0,12,0,12,145,96,22,26,0,12,0,12,22,26,14,24,0,12,0,12,14,24,133,84,0,12,0,12,133,84
1400000US37119005523,37119005523,"Census Tract 55.23, Mecklenburg County, North Carolina",2907,492,404,254,259,125,2244,386,2244,425,279,184,216,117,1749,350,213,159,50,76,0,17,163,140,69,50,13,20,0,17,56,45,238,159,62,82,0,17,176,103,73,68,0,17,30,43,43,50,70,74,0,17,13,21,57,71
1400000US37119005524,37119005524,"Census Tract 55.24, Mecklenburg County, North Carolina",4881,451,111,76,323,159,4447,416,3558,444,68,58,263,128,3227,430,908,345,0,17,60,95,848,289,104,65,21,35,0,17,83,64,79,79,22,34,0,17,57,53,13,21,0,17,0,17,13,21,219,142,0,17,0,17,219,142
1400000US37119005604,37119005604,"Census Tract 56.04, Mecklenburg County, North Carolina",976,189,411,131,88,47,477,100,858,173,361,127,70,42,427,91,43,39,10,15,10,15,23,25,4,7,0,17,4,7,0,17,48,39,34,37,0,17,14,13,0,17,0,17,0,17,0,17,23,24,6,9,4,7,13,21
1400000US37119005605,37119005605,"Census Tract 56.05, Mecklenburg County, North Carolina",3501,428,743,289,265,182,2493,441,2710,347,544,275,265,182,1901,332,517,225,111,97,0,17,406,222,86,81,0,17,0,17,86,81,60,57,45,47,0,17,15,25,30,36,30,36,0,17,0,17,98,62,13,21,0,17,85,60
1400000US37119005609,37119005609,"Census Tract 56.09, Mecklenburg County, North Carolina",2087,418,901,328,165,91,1021,276,1602,361,716,310,152,85,734,189,164,103,46,58,4,9,114,86,165,122,54,61,9,15,102,107,110,77,78,70,0,12,32,36,7,11,7,11,0,12,0,12,39,61,0,12,0,12,39,61
1400000US37119005610,37119005610,"Census Tract 56.10, Mecklenburg County, North Carolina",1784,257,347,155,318,165,1119,246,1437,280,245,128,295,153,897,230,285,134,102,99,23,36,160,85,8,15,0,12,0,12,8,15,0,12,0,12,0,12,0,12,0,12,0,12,0,12,0,12,54,47,0,12,0,12,54,47
1400000US37119005611,37119005611,"Census Tract 56.11, Mecklenburg County, North Carolina",1471,135,158,78,64,40,1249,139,1295,145,130,71,43,27,1122,145,109,60,16,17,12,19,81,56,0,12,0,12,0,12,0,12,9,15,0,12,9,15,0,12,10,10,0,12,0,12,10,10,48,28,12,12,0,12,36,26
1400000US37119005612,37119005612,"Census Tract 56.12, Mecklenburg County, North Carolina",2478,223,142,90,190,99,2146,211,2096,207,134,88,136,82,1826,209,200,88,0,12,24,29,176,87,8,15,8,15,0,12,0,12,0,12,0,12,0,12,0,12,45,55,0,12,0,12,45,55,129,69,0,12,30,29,99,64
1400000US37119005613,37119005613,"Census Tract 56.13, Mecklenburg County, North Carolina",1346,141,92,67,87,70,1167,160,1117,140,86,66,75,67,956,147,133,71,0,12,12,20,121,72,18,26,0,12,0,12,18,26,15,18,6,9,0,12,9,15,0,12,0,12,0,12,0,12,63,44,0,12,0,12,63,44
1400000US37119005614,37119005614,"Census Tract 56.14, Mecklenburg County, North Carolina",3923,480,93,81,510,319,3320,398,3558,474,93,81,496,322,2969,385,103,97,0,17,14,27,89,90,0,17,0,17,0,17,0,17,0,17,0,17,0,17,0,17,18,28,0,17,0,17,18,28,244,118,0,17,0,17,244,118
1400000US37119005615,37119005615,"Census Tract 56.15, Mecklenburg County, North Carolina",782,101,30,23,54,54,698,121,666,104,20,19,54,54,592,117,46,37,0,12,0,12,46,37,0,12,0,12,0,12,0,12,4,7,0,12,0,12,4,7,31,34,0,12,0,12,31,34,35,26,10,13,0,12,25,23
1400000US37119005616,37119005616,"Census Tract 56.16, Mecklenburg County, North Carolina",786,136,63,40,93,80,630,136,698,132,49,31,63,49,586,138,67,49,14,19,24,35,29,26,6,10,0,12,6,10,0,12,0,12,0,12,0,12,0,12,0,12,0,12,0,12,0,12,15,20,0,12,0,12,15,20
1400000US37119005617,37119005617,"Census Tract 56.17, Mecklenburg County, North Carolina",1015,129,125,73,18,20,872,138,809,89,77,49,9,11,723,103,156,74,35,37,9,9,112,69,15,24,0,12,0,12,15,24,0,12,0,12,0,12,0,12,18,19,13,18,0,12,5,9,17,18,0,12,0,12,17,18
1400000US37119005618,37119005618,"Census Tract 56.18, Mecklenburg County, North Carolina",1865,193,10,17,78,113,1777,221,1318,188,10,17,78,113,1230,226,311,208,0,12,0,12,311,208,0,12,0,12,0,12,0,12,0,12,0,12,0,12,0,12,106,132,0,12,0,12,106,132,130,101,0,12,0,12,130,101
1400000US37119005619,37119005619,"Census Tract 56.19, Mecklenburg County, North Carolina",2304,258,86,60,100,63,2118,290,1830,253,77,58,59,41,1694,270,302,124,9,14,0,12,293,126,18,20,0,12,0,12,18,20,0,12,0,12,0,12,0,12,3,7,0,12,0,12,3,7,151,85,0,12,41,54,110,63
1400000US37119005620,37119005620,"Census Tract 56.20, Mecklenburg County, North Carolina",3451,446,211,128,147,91,3093,443,2691,400,195,127,77,68,2419,388,386,175,16,28,46,58,324,157,106,117,0,17,0,17,106,117,41,50,0,17,0,17,41,50,12,20,0,17,0,17,12,20,215,134,0,17,24,33,191,130
1400000US37119005621,37119005621,"Census Tract 56.21, Mecklenburg County, North Carolina",2291,217,38,44,144,76,2109,244,1869,199,38,44,81,54,1750,204,227,82,0,12,35,33,192,88,27,31,0,12,19,29,8,12,7,12,0,12,0,12,7,12,54,67,0,12,0,12,54,67,107,58,0,12,9,13,98,56
1400000US37119005706,37119005706,"Census Tract 57.06, Mecklenburg County, North Carolina",3208,293,212,138,225,126,2771,336,2738,296,163,118,225,126,2350,320,195,118,49,77,0,17,146,88,35,40,0,17,0,17,35,40,61,66,0,17,0,17,61,66,30,47,0,17,0,17,30,47,149,91,0,17,0,17,149,91
1400000US37119005709,37119005709,"Census Tract 57.09, Mecklenburg County, North Carolina",1948,165,44,33,46,44,1858,174,1717,182,33,30,14,19,1670,186,69,54,9,15,3,8,57,49,33,38,2,4,0,12,31,37,24,37,0,12,24,37,0,12,0,12,0,12,0,12,0,12,105,54,0,12,5,10,100,53
1400000US37119005710,37119005710,"Census Tract 57.10, Mecklenburg County, North Carolina",2299,262,174,74,291,120,1834,247,1880,263,94,49,227,94,1559,240,235,96,55,48,0,12,180,79,0,12,0,12,0,12,0,12,0,12,0,12,0,12,0,12,17,30,0,12,0,12,17,30,167,106,25,35,64,87,78,46
1400000US37119005711,37119005711,"Census Tract 57.11, Mecklenburg County, North Carolina",2849,462,278,177,24,39,2547,386,2294,455,251,170,24,39,2019,369,152,82,9,18,0,17,143,81,41,33,9,21,0,17,32,26,20,28,9,19,0,17,11,20,20,28,0,17,0,17,20,28,322,127,0,17,0,17,322,127
1400000US37119005712,37119005712,"Census Tract 57.12, Mecklenburg County, North Carolina",2133,198,43,43,57,48,2033,206,1809,231,43,43,42,42,1724,237,140,133,0,12,0,12,140,133,43,42,0,12,15,24,28,33,0,12,0,12,0,12,0,12,17,20,0,12,0,12,17,20,124,71,0,12,0,12,124,71
1400000US37119005713,37119005713,"Census Tract 57.13, Mecklenburg County, North Carolina",2043,156,0,12,126,111,1917,209,1728,187,0,12,77,65,1651,217,115,52,0,12,0,12,115,52,0,12,0,12,0,12,0,12,5,10,0,12,0,12,5,10,37,44,0,12,0,12,37,44,158,81,0,12,49,52,109,62
1400000US37119005714,37119005714,"Census Tract 57.14, Mecklenburg County, North Carolina",2521,169,77,69,103,68,2341,187,2053,173,72,68,93,62,1888,188,172,73,0,17,10,15,162,71,60,57,0,17,0,17,60,57,0,17,0,17,0,17,0,17,28,32,0,17,0,17,28,32,208,81,5,9,0,17,203,81
1400000US37119005715,37119005715,"Census Tract 57.15, Mecklenburg County, North Carolina",1446,159,37,29,55,39,1354,167,1231,157,17,21,55,39,1159,159,81,43,7,10,0,12,74,41,0,12,0,12,0,12,0,12,9,11,0,12,0,12,9,11,0,12,0,12,0,12,0,12,125,63,13,20,0,12,112,62
1400000US37119005716,37119005716,"Census Tract 57.16, Mecklenburg County, North Carolina",2364,326,86,68,221,114,2057,342,1922,262,63,57,195,105,1664,278,218,122,23,39,18,30,177,106,0,12,0,12,0,12,0,12,10,16,0,12,0,12,10,16,35,36,0,12,0,12,35,36,179,71,0,12,8,12,171,70
1400000US37119005717,37119005717,"Census Tract 57.17, Mecklenburg County, North Carolina",3712,374,336,213,223,173,3153,433,3050,398,252,190,97,86,2701,418,323,173,84,74,104,126,135,96,18,23,0,17,0,17,18,23,33,40,0,17,22,35,11,21,27,39,0,17,0,17,27,39,261,161,0,17,0,17,261,161
1400000US37119005811,37119005811,"Census Tract 58.11, Mecklenburg County, North Carolina",2446,259,81,54,27,29,2338,260,2152,255,70,50,18,19,2064,256,187,89,0,12,9,13,178,85,0,12,0,12,0,12,0,12,15,17,0,12,0,12,15,17,25,26,11,18,0,12,14,17,67,41,0,12,0,12,67,41
1400000US37119005812,37119005812,"Census Tract 58.12, Mecklenburg County, North Carolina",4005,306,379,162,396,210,3230,349,3274,357,289,135,287,161,2698,383,214,126,73,84,0,17,141,99,59,47,0,17,15,23,44,41,194,134,17,27,43,65,134,110,31,29,0,17,0,17,31,29,233,110,0,17,51,65,182,86
1400000US37119005815,37119005815,"Census Tract 58.15, Mecklenburg County, North Carolina",1807,198,24,24,108,64,1675,201,1353,166,11,14,69,48,1273,170,82,47,0,12,14,21,68,42,29,34,0,12,0,12,29,34,15,17,7,10,8,13,0,12,33,52,0,12,0,12,33,52,295,132,6,9,17,24,272,131
1400000US37119005816,37119005816,"Census Tract 58.16, Mecklenburg County, North Carolina",2069,201,26,25,44,32,1999,207,1553,208,26,25,44,32,1483,212,123,77,0,12,0,12,123,77,43,41,0,12,0,12,43,41,6,10,0,12,0,12,6,10,27,26,0,12,0,12,27,26,317,121,0,12,0,12,317,121
1400000US37119005817,37119005817,"Census Tract 58.17, Mecklenburg County, North Carolina",2142,238,34,26,75,74,2033,240,1802,189,24,23,75,74,1703,192,71,61,0,12,0,12,71,61,52,82,0,12,0,12,52,82,0,12,0,12,0,12,0,12,0,12,0,12,0,12,0,12,217,66,10,12,0,12,207,65
1400000US37119005823,37119005823,"Census Tract 58.23, Mecklenburg County, North Carolina",3764,370,16,28,103,113,3645,370,3116,385,0,17,95,112,3021,384,202,143,16,28,8,14,178,137,93,65,0,17,0,17,93,65,33,34,0,17,0,17,33,34,12,26,0,17,0,17,12,26,308,153,0,17,0,17,308,153
1400000US37119005824,37119005824,"Census Tract 58.24, Mecklenburg County, North Carolina",1880,243,230,90,183,86,1467,211,1110,180,94,52,85,48,931,170,401,153,54,35,94,64,253,111,196,106,64,74,0,12,132,70,29,46,0,12,0,12,29,46,28,34,0,12,0,12,28,34,116,49,18,22,4,6,94,46
1400000US37119005825,37119005825,"Census Tract 58.25, Mecklenburg County, North Carolina",2081,285,106,77,260,133,1715,316,1690,249,85,70,219,122,1386,271,306,235,21,33,41,49,244,226,39,43,0,12,0,12,39,43,0,12,0,12,0,12,0,12,28,36,0,12,0,12,28,36,18,29,0,12,0,12,18,29
1400000US37119005826,37119005826,"Census Tract 58.26, Mecklenburg County, North Carolina",1549,207,155,91,90,64,1304,196,1142,167,114,83,53,44,975,151,193,98,15,25,24,36,154,90,60,68,9,15,0,12,51,63,39,25,17,20,0,12,22,23,0,12,0,12,0,12,0,12,115,84,0,12,13,19,102,80
1400000US37119005827,37119005827,"Census Tract 58.27, Mecklenburg County, North Carolina",1646,286,46,48,250,164,1350,214,1383,240,38,47,161,101,1184,223,72,58,0,12,0,12,72,58,100,103,0,12,89,105,11,14,8,13,8,13,0,12,0,12,7,16,0,12,0,12,7,16,76,85,0,12,0,12,76,85
1400000US37119005828,37119005828,"Census Tract 58.28, Mecklenburg County, North Carolina",2044,181,38,34,16,19,1990,184,1670,156,38,34,16,19,1616,155,161,94,0,12,0,12,161,94,26,22,0,12,0,12,26,22,23,25,0,12,0,12,23,25,25,28,0,12,0,12,25,28,139,65,0,12,0,12,139,65
1400000US37119005829,37119005829,"Census Tract 58.29, Mecklenburg County, North Carolina",1310,211,120,97,93,85,1097,200,1067,187,120,97,57,60,890,182,113,119,0,12,36,58,77,71,30,40,0,12,0,12,30,40,59,61,0,12,0,12,59,61,41,49,0,12,0,12,41,49,0,12,0,12,0,12,0,12
1400000US37119005830,37119005830,"Census Tract 58.30, Mecklenburg County, North Carolina",2210,198,169,104,117,78,1924,207,1834,212,144,100,117,78,1573,201,140,82,13,20,0,12,127,81,26,22,0,12,0,12,26,22,0,12,0,12,0,12,0,12,40,43,0,12,0,12,40,43,170,80,12,17,0,12,158,77
1400000US37119005831,37119005831,"Census Tract 58.31, Mecklenburg County, North Carolina",3284,281,112,80,131,86,3041,278,2597,272,24,31,131,86,2442,266,302,173,44,53,0,17,258,161,52,43,0,17,0,17,52,43,92,76,17,28,0,17,75,71,14,23,14,23,0,17,0,17,227,109,13,22,0,17,214,107
1400000US37119005832,37119005832,"Census Tract 58.32, Mecklenburg County, North Carolina",1356,123,42,38,64,44,1250,123,1040,127,37,37,36,34,967,128,115,83,0,12,12,19,103,80,54,37,0,12,9,12,45,35,22,19,0,12,0,12,22,19,6,9,0,12,0,12,6,9,119,52,5,9,7,10,107,46
1400000US37119005833,37119005833,"Census Tract 58.33, Mecklenburg County, North Carolina",2327,197,37,34,11,17,2279,196,1849,190,25,21,0,17,1824,190,142,79,12,19,0,17,130,72,33,29,0,17,0,17,33,29,0,17,0,17,0,17,0,17,27,32,0,17,0,17,27,32,276,90,0,17,11,17,265,89
1400000US37119005834,37119005834,"Census Tract 58.34, Mecklenburg County, North Carolina",2163,222,86,55,101,69,1976,232,1547,202,51,35,41,35,1455,209,228,89,27,40,19,31,182,78,54,53,2,4,0,12,52,53,14,16,6,11,0,12,8,13,77,71,0,12,0,12,77,71,243,85,0,12,41,50,202,74
1400000US37119005835,37119005835,"Census Tract 58.35, Mecklenburg County, North Carolina",1605,133,9,11,35,22,1561,136,1320,138,6,10,17,17,1297,140,84,45,3,6,3,5,78,44,31,20,0,12,0,12,31,20,21,24,0,12,0,12,21,24,9,13,0,12,0,12,9,13,140,60,0,12,15,15,125,55
1400000US37119005836,37119005836,"Census Tract 58.36, Mecklenburg County, North Carolina",2109,233,129,116,155,116,1825,271,1638,200,61,64,130,111,1447,213,216,111,39,53,0,12,177,116,36,36,0,12,0,12,36,36,17,26,0,12,17,26,0,12,54,49,29,44,0,12,25,28,148,75,0,12,8,12,140,74
1400000US37119005837,37119005837,"Census Tract 58.37, Mecklenburg County, North Carolina",3967,336,127,105,82,88,3758,331,2999,408,55,65,82,88,2862,381,119,104,0,17,0,17,119,104,342,200,48,65,0,17,294,192,26,32,0,17,0,17,26,32,83,85,24,38,0,17,59,60,398,147,0,17,0,17,398,147
1400000US37119005838,37119005838,"Census Tract 58.38, Mecklenburg County, North Carolina",4389,389,133,151,92,80,4164,403,3647,442,35,33,55,52,3557,442,149,121,0,17,0,17,149,121,75,56,0,17,0,17,75,56,0,17,0,17,0,17,0,17,17,27,0,17,0,17,17,27,501,220,98,147,37,41,366,161
1400000US37119005839,37119005839,"Census Tract 58.39, Mecklenburg County, North Carolina",1612,203,77,72,90,69,1445,202,1102,234,24,24,26,38,1052,224,113,82,5,8,16,26,92,63,56,48,0,12,21,36,35,36,0,12,0,12,0,12,0,12,52,54,0,12,0,12,52,54,289,128,48,70,27,39,214,107
1400000US37119005840,37119005840,"Census Tract 58.40, Mecklenburg County, North Carolina",1160,141,19,20,6,9,1135,146,928,143,19,20,6,9,903,146,83,44,0,12,0,12,83,44,18,15,0,12,0,12,18,15,2,4,0,12,0,12,2,4,23,20,0,12,0,12,23,20,106,56,0,12,0,12,106,56
1400000US37119005841,37119005841,"Census Tract 58.41, Mecklenburg County, North Carolina",2911,335,53,65,71,82,2787,311,2396,334,37,61,71,82,2288,304,89,73,0,17,0,17,89,73,54,42,16,24,0,17,38,37,14,24,0,17,0,17,14,24,67,54,0,17,0,17,67,54,291,130,0,17,0,17,291,130
1400000US37119005842,37119005842,"Census Tract 58.42, Mecklenburg County, North Carolina",3144,323,34,35,12,20,3098,326,2605,371,34,35,0,17,2571,368,233,113,0,17,0,17,233,113,60,51,0,17,0,17,60,51,39,49,0,17,12,20,27,46,24,37,0,17,0,17,24,37,183,114,0,17,0,17,183,114
1400000US37119005843,37119005843,"Census Tract 58.43, Mecklenburg County, North Carolina",1532,152,66,45,13,23,1453,152,1280,157,66,45,13,23,1201,157,21,20,0,12,0,12,21,20,48,34,0,12,0,12,48,34,55,40,0,12,0,12,55,40,9,15,0,12,0,12,9,15,119,65,0,12,0,12,119,65
1400000US37119005844,37119005844,"Census Tract 58.44, Mecklenburg County, North Carolina",3583,289,14,22,16,27,3553,299,2940,323,14,22,16,27,2910,332,82,66,0,17,0,17,82,66,63,46,0,17,0,17,63,46,24,29,0,17,0,17,24,29,69,60,0,17,0,17,69,60,405,142,0,17,0,17,405,142
1400000US37119005845,37119005845,"Census Tract 58.45, Mecklenburg County, North Carolina",2302,150,18,22,55,49,2229,143,1794,180,10,16,43,46,1741,165,146,66,8,14,0,12,138,64,52,43,0,12,0,12,52,43,0,12,0,12,0,12,0,12,21,23,0,12,0,12,21,23,289,85,0,12,12,19,277,85
1400000US37119005846,37119005846,"Census Tract 58.46, Mecklenburg County, North Carolina",1670,145,33,32,8,13,1629,150,1279,153,33,32,8,13,1238,158,101,66,0,12,0,12,101,66,26,22,0,12,0,12,26,22,8,13,0,12,0,12,8,13,31,29,0,12,0,12,31,29,225,89,0,12,0,12,225,89
1400000US37119005847,37119005847,"Census Tract 58.47, Mecklenburg County, North Carolina",2170,171,59,52,24,30,2087,191,1730,179,45,37,8,16,1677,186,116,81,0,12,0,12,116,81,35,27,0,12,0,12,35,27,14,22,14,22,0,12,0,12,25,29,0,12,16,26,9,14,250,97,0,12,0,12,250,97
1400000US37119005848,37119005848,"Census Tract 58.48, Mecklenburg County, North Carolina",2814,169,15,18,29,34,2770,178,2097,176,7,12,18,20,2072,181,141,101,0,17,0,17,141,101,0,17,0,17,0,17,0,17,8,13,0,17,0,17,8,13,33,31,8,14,0,17,25,27,535,119,0,17,11,17,524,121
1400000US37119005906,37119005906,"Census Tract 59.06, Mecklenburg County, North Carolina",1885,259,232,119,226,121,1427,219,1524,226,197,110,182,89,1145,192,157,103,25,36,20,31,112,86,24,39,0,12,0,12,24,39,24,32,0,12,0,12,24,32,61,61,10,17,0,12,51,57,95,54,0,12,24,37,71,40
1400000US37119005907,37119005907,"Census Tract 59.07, Mecklenburg County, North Carolina",2646,186,79,58,40,41,2527,197,2274,220,69,57,40,41,2165,221,207,125,10,16,0,17,197,124,0,17,0,17,0,17,0,17,6,11,0,17,0,17,6,11,14,15,0,17,0,17,14,15,145,77,0,17,0,17,145,77
1400000US37119005908,37119005908,"Census Tract 59.08, Mecklenburg County, North Carolina",808,99,14,15,52,45,742,99,660,84,7,10,52,45,601,81,59,44,7,11,0,12,52,39,6,7,0,12,0,12,6,7,4,6,0,12,0,12,4,6,13,14,0,12,0,12,13,14,66,35,0,12,0,12,66,35
1400000US37119005909,37119005909,"Census Tract 59.09, Mecklenburg County, North Carolina",4325,458,269,176,22,30,4034,501,3572,429,269,176,0,17,3303,442,332,166,0,17,9,20,323,162,36,45,0,17,0,17,36,45,80,96,0,17,0,17,80,96,21,34,0,17,0,17,21,34,284,169,0,17,13,22,271,167
1400000US37119005910,37119005910,"Census Tract 59.10, Mecklenburg County, North Carolina",3495,294,94,58,365,122,3036,302,2766,333,71,49,218,93,2477,328,421,182,0,17,79,67,342,150,65,65,16,27,15,24,34,54,61,54,7,11,0,17,54,53,0,17,0,17,0,17,0,17,182,111,0,17,53,76,129,78
1400000US37119005911,37119005911,"Census Tract 59.11, Mecklenburg County, North Carolina",2751,253,27,27,125,73,2599,237,2043,241,27,27,86,61,1930,228,239,99,0,17,21,30,218,91,26,29,0,17,0,17,26,29,36,33,0,17,0,17,36,33,85,46,0,17,10,16,75,44,322,106,0,17,8,13,314,105
1400000US37119005912,37119005912,"Census Tract 59.12, Mecklenburg County, North Carolina",3149,302,347,190,124,86,2678,262,2673,257,225,124,62,50,2386,262,346,176,84,105,53,70,209,134,7,12,0,17,0,17,7,12,9,13,0,17,9,13,0,17,37,34,0,17,0,17,37,34,77,76,38,65,0,17,39,44
1400000US37119005913,37119005913,"Census Tract 59.13, Mecklenburg County, North Carolina",3425,354,130,118,100,80,3195,357,3083,360,103,81,83,70,2897,356,142,115,0,17,0,17,142,115,39,62,27,59,0,17,12,20,17,28,0,17,17,28,0,17,0,17,0,17,0,17,0,17,144,97,0,17,0,17,144,97
1400000US37119005914,37119005914,"Census Tract 59.14, Mecklenburg County, North Carolina",3663,404,126,85,454,294,3083,397,2978,368,61,56,332,229,2585,371,189,103,3,6,45,37,141,100,45,52,3,3,0,17,42,52,80,75,59,64,0,17,21,35,77,69,0,17,58,63,19,30,294,189,0,17,19,31,275,189
1400000US37119005915,37119005915,"Census Tract 59.15, Mecklenburg County, North Carolina",1485,151,100,52,75,46,1310,148,1285,153,84,46,63,46,1138,143,51,34,0,12,12,13,39,30,17,28,0,12,0,12,17,28,50,40,16,26,0,12,34,29,7,11,0,12,0,12,7,11,75,39,0,12,0,12,75,39
1400000US37119005916,37119005916,"Census Tract 59.16, Mecklenburg County, North Carolina",1254,176,237,126,133,99,884,204,915,163,155,73,124,101,636,168,122,108,0,12,0,12,122,108,101,70,68,57,0,12,33,29,55,46,14,23,9,12,32,40,50,44,0,12,0,12,50,44,11,19,0,12,0,12,11,19
1400000US37119005917,37119005917,"Census Tract 59.17, Mecklenburg County, North Carolina",3462,336,108,92,167,95,3187,334,2914,356,97,91,139,86,2678,351,217,138,0,17,28,44,189,128,43,42,0,17,0,17,43,42,18,29,0,17,0,17,18,29,0,17,0,17,0,17,0,17,270,138,11,17,0,17,259,134
1400000US37119005918,37119005918,"Census Tract 59.18, Mecklenburg County, North Carolina",1946,167,75,53,172,94,1699,191,1489,175,75,53,125,76,1289,188,229,97,0,12,11,17,218,96,45,38,0,12,0,12,45,38,0,12,0,12,0,12,0,12,8,13,0,12,0,12,8,13,175,78,0,12,36,42,139,65
1400000US37119006005,37119006005,"Census Tract 60.05, Mecklenburg County, North Carolina",1441,210,56,46,107,66,1278,191,1218,194,44,43,83,55,1091,184,145,99,12,18,16,26,117,89,8,14,0,12,0,12,8,14,0,12,0,12,0,12,0,12,45,53,0,12,8,13,37,51,25,27,0,12,0,12,25,27
1400000US37119006006,37119006006,"Census Tract 60.06, Mecklenburg County, North Carolina",3032,451,231,205,376,146,2425,485,2440,417,194,198,228,133,2018,403,464,210,37,59,103,98,324,189,45,57,0,17,45,57,0,17,0,17,0,17,0,17,0,17,64,75,0,17,0,17,64,75,19,34,0,17,0,17,19,34
1400000US37119006007,37119006007,"Census Tract 60.07, Mecklenburg County, North Carolina",3762,325,45,54,125,92,3592,365,3274,288,45,54,125,92,3104,318,195,124,0,17,0,17,195,124,0,17,0,17,0,17,0,17,38,46,0,17,0,17,38,46,0,17,0,17,0,17,0,17,255,163,0,17,0,17,255,163
1400000US37119006008,37119006008,"Census Tract 60.08, Mecklenburg County, North Carolina",1947,151,32,29,74,51,1841,159,1583,154,24,26,65,49,1494,155,162,95,0,12,0,12,162,95,7,12,0,12,0,12,7,12,0,12,0,12,0,12,0,12,43,36,0,12,0,12,43,36,152,92,8,13,9,14,135,89
1400000US37119006009,37119006009,"Census Tract 60.09, Mecklenburg County, North Carolina",1394,205,8,13,86,56,1300,222,1167,170,8,13,86,56,1073,178,198,138,0,12,0,12,198,138,0,12,0,12,0,12,0,12,0,12,0,12,0,12,0,12,12,19,0,12,0,12,12,19,17,20,0,12,0,12,17,20
1400000US37119006010,37119006010,"Census Tract 60.10, Mecklenburg County, North Carolina",2867,366,275,142,303,209,2289,428,2579,305,251,137,218,158,2110,381,173,99,24,40,29,43,120,90,20,27,0,17,20,27,0,17,0,17,0,17,0,17,0,17,35,58,0,17,0,17,35,58,60,53,0,17,36,51,24,29
1400000US37119006103,37119006103,"Census Tract 61.03, Mecklenburg County, North Carolina",2060,228,67,70,174,130,1819,235,1523,218,38,51,63,56,1422,219,277,118,0,12,95,101,182,90,0,12,0,12,0,12,0,12,39,50,0,12,0,12,39,50,29,34,20,31,0,12,9,13,192,83,9,13,16,25,167,78
1400000US37119006104,37119006104,"Census Tract 61.04, Mecklenburg County, North Carolina",4761,435,336,204,297,152,4128,495,4086,376,242,144,262,136,3582,395,567,278,80,104,35,41,452,264,13,23,0,17,0,17,13,23,1,20,1,20,0,17,0,17,0,17,0,17,0,17,0,17,94,70,13,23,0,17,81,68
1400000US37119006105,37119006105,"Census Tract 61.05, Mecklenburg County, North Carolina",1498,181,21,18,65,38,1412,187,1221,161,4,8,58,37,1159,156,136,62,17,19,0,12,119,59,12,14,0,12,7,10,5,10,9,12,0,12,0,12,9,12,30,27,0,12,0,12,30,27,90,52,0,12,0,12,90,52
1400000US37119006106,37119006106,"Census Tract 61.06, Mecklenburg County, North Carolina",2499,246,86,65,248,152,2165,254,2064,236,46,53,189,130,1829,225,207,98,34,41,20,25,153,110,82,69,6,11,0,12,76,69,14,23,0,12,0,12,14,23,23,34,0,12,0,12,23,34,109,74,0,12,39,51,70,48
1400000US37119006107,37119006107,"Census Tract 61.07, Mecklenburg County, North Carolina",3351,331,179,123,124,131,3048,320,2946,329,126,99,98,126,2722,323,264,152,53,71,26,33,185,134,87,97,0,17,0,17,87,97,0,17,0,17,0,17,0,17,10,18,0,17,0,17,10,18,44,34,0,17,0,17,44,34
1400000US37119006108,37119006108,"Census Tract 61.08, Mecklenburg County, North Carolina",2356,243,71,107,140,76,2145,251,1955,254,71,107,126,74,1758,257,240,127,0,12,14,22,226,125,85,66,0,12,0,12,85,66,32,49,0,12,0,12,32,49,0,12,0,12,0,12,0,12,44,38,0,12,0,12,44,38
1400000US37119006109,37119006109,"Census Tract 61.09, Mecklenburg County, North Carolina",1381,227,86,65,59,42,1236,237,1138,196,53,56,27,25,1058,203,84,59,10,17,10,15,64,54,29,44,0,12,0,12,29,44,0,12,0,12,0,12,0,12,92,87,23,36,22,33,47,54,38,35,0,12,0,12,38,35
1400000US37119006203,37119006203,"Census Tract 62.03, Mecklenburg County, North Carolina",2620,273,45,53,109,99,2466,267,1923,258,45,53,93,94,1785,259,85,69,0,17,0,17,85,69,0,17,0,17,0,17,0,17,44,44,0,17,16,28,28,33,99,78,0,17,0,17,99,78,469,188,0,17,0,17,469,188
1400000US37119006204,37119006204,"Census Tract 62.04, Mecklenburg County, North Carolina",3431,400,13,22,13,23,3405,400,2650,355,13,22,13,23,2624,353,132,89,0,17,0,17,132,89,10,17,0,17,0,17,10,17,16,26,0,17,0,17,16,26,29,48,0,17,0,17,29,48,594,234,0,17,0,17,594,234
1400000US37119006208,37119006208,"Census Tract 62.08, Mecklenburg County, North Carolina",1924,190,41,40,23,27,1860,186,1735,183,41,40,9,13,1685,178,81,53,0,12,0,12,81,53,0,12,0,12,0,12,0,12,10,17,0,12,0,12,10,17,9,15,0,12,0,12,9,15,89,59,0,12,14,23,75,51
1400000US37119006209,37119006209,"Census Tract 62.09, Mecklenburg County, North Carolina",2610,247,97,80,315,195,2198,236,2015,261,79,76,168,124,1768,238,46,58,0,12,0,12,46,58,58,68,0,12,0,12,58,68,184,216,18,29,147,215,19,30,70,84,0,12,0,12,70,84,237,109,0,12,0,12,237,109
1400000US37119006210,37119006210,"Census Tract 62.10, Mecklenburg County, North Carolina",2316,181,25,29,31,32,2260,187,1946,183,25,29,31,32,1890,184,132,55,0,12,0,12,132,55,8,14,0,12,0,12,8,14,5,11,0,12,0,12,5,11,63,49,0,12,0,12,63,49,162,70,0,12,0,12,162,70
1400000US37119006211,37119006211,"Census Tract 62.11, Mecklenburg County, North Carolina",3069,246,23,37,0,17,3046,248,2495,245,23,37,0,17,2472,247,141,75,0,17,0,17,141,75,71,65,0,17,0,17,71,65,0,17,0,17,0,17,0,17,46,44,0,17,0,17,46,44,316,137,0,17,0,17,316,137
1400000US37119006212,37119006212,"Census Tract 62.12, Mecklenburg County, North Carolina",1831,173,126,83,43,41,1662,149,1504,183,117,82,43,41,1344,152,197,96,0,12,0,12,197,96,10,16,0,12,0,12,10,16,9,14,9,14,0,12,0,12,9,14,0,12,0,12,9,14,102,63,0,12,0,12,102,63
1400000US37119006213,37119006213,"Census Tract 62.13, Mecklenburg County, North Carolina",3051,290,89,64,41,64,2921,299,2547,346,67,53,21,33,2459,343,166,94,22,34,0,17,144,90,43,43,0,17,0,17,43,43,0,17,0,17,0,17,0,17,82,102,0,17,0,17,82,102,213,95,0,17,20,31,193,93
1400000US37119006214,37119006214,"Census Tract 62.14, Mecklenburg County, North Carolina",2208,225,10,15,91,71,2107,241,1821,214,10,15,65,81,1746,220,194,94,0,12,26,28,168,85,21,23,0,12,0,12,21,23,15,24,0,12,0,12,15,24,14,21,0,12,0,12,14,21,143,70,0,12,0,12,143,70
1400000US37119006215,37119006215,"Census Tract 62.15, Mecklenburg County, North Carolina",2390,251,74,62,133,79,2183,272,2035,231,39,31,117,80,1879,241,220,119,35,38,0,12,185,119,37,46,0,12,0,12,37,46,11,17,0,12,11,17,0,12,10,15,0,12,0,12,10,15,77,56,0,12,5,17,72,55
1400000US37119006302,37119006302,"Census Tract 63.02, Mecklenburg County, North Carolina",3963,541,49,44,222,204,3692,430,3096,333,31,35,133,107,2932,334,502,379,16,26,73,114,413,276,87,65,0,17,2,4,85,64,3,4,2,4,0,17,1,4,13,23,0,17,0,17,13,23,262,118,0,17,14,21,248,117
1400000US37119006303,37119006303,"Census Tract 63.03, Mecklenburg County, North Carolina",2683,275,192,115,14,22,2477,290,2089,242,93,80,14,22,1982,262,269,124,99,92,0,17,170,80,113,70,0,17,0,17,113,70,43,46,0,17,0,17,43,46,16,24,0,17,0,17,16,24,153,77,0,17,0,17,153,77
1400000US37119006304,37119006304,"Census Tract 63.04, Mecklenburg County, North Carolina",3491,322,137,91,88,111,3266,298,2798,294,81,59,88,111,2629,275,160,121,42,66,0,17,118,105,94,61,0,17,0,17,94,61,11,17,0,17,0,17,11,17,74,79,0,17,0,17,74,79,354,164,14,22,0,17,340,165
1400000US37119006403,37119006403,"Census Tract 64.03, Mecklenburg County, North Carolina",2099,243,235,151,150,118,1714,292,1522,233,207,129,66,65,1249,262,165,123,0,17,84,98,81,65,11,17,0,17,0,17,11,17,114,62,9,13,0,17,105,59,49,39,19,30,0,17,30,24,238,87,0,17,0,17,238,87
1400000US37119006404,37119006404,"Census Tract 64.04, Mecklenburg County, North Carolina",2506,218,7,11,11,16,2488,219,1859,195,0,17,11,16,1848,194,154,115,0,17,0,17,154,115,27,22,0,17,0,17,27,22,51,51,0,17,0,17,51,51,40,37,0,17,0,17,40,37,375,133,7,11,0,17,368,134
1400000US37119006405,37119006405,"Census Tract 64.05, Mecklenburg County, North Carolina",2050,223,41,43,110,75,1899,218,1555,192,41,43,93,69,1421,193,154,88,0,12,17,27,137,88,39,36,0,12,0,12,39,36,38,49,0,12,0,12,38,49,13,15,0,12,0,12,13,15,251,101,0,12,0,12,251,101
1400000US37119006406,37119006406,"Census Tract 64.06, Mecklenburg County, North Carolina",3514,343,38,36,139,110,3337,372,2702,350,16,26,96,90,2590,359,474,191,0,17,43,67,431,186,41,60,0,17,0,17,41,60,11,17,0,17,0,17,11,17,111,120,0,17,0,17,111,120,175,82,22,25,0,17,153,76
1400000US37119006407,37119006407,"Census Tract 64.07, Mecklenburg County, North Carolina",2005,192,11,17,0,12,1994,196,1661,185,11,17,0,12,1650,189,141,59,0,12,0,12,141,59,14,17,0,12,0,12,14,17,0,12,0,12,0,12,0,12,7,11,0,12,0,12,7,11,182,69,0,12,0,12,182,69
1400000US37119980100,37119980100,"Census Tract 9801, Mecklenburg County, North Carolina",0,12,0,12,0,12,0,12,0,12,0,12,0,12,0,12,0,12,0,12,0,12,0,12,0,12,0,12,0,12,0,12,0,12,0,12,0,12,0,12,0,12,0,12,0,12,0,12,0,12,0,12,0,12,0,12
1400000US37119980200,37119980200,"Census Tract 9802, Mecklenburg County, North Carolina",0,12,0,12,0,12,0,12,0,12,0,12,0,12,0,12,0,12,0,12,0,12,0,12,0,12,0,12,0,12,0,12,0,12,0,12,0,12,0,12,0,12,0,12,0,12,0,12,0,12,0,12,0,12,0,12
1400000US37119980300,37119980300,"Census Tract 9803, Mecklenburg County, North Carolina",0,12,0,12,0,12,0,12,0,12,0,12,0,12,0,12,0,12,0,12,0,12,0,12,0,12,0,12,0,12,0,12,0,12,0,12,0,12,0,12,0,12,0,12,0,12,0,12,0,12,0,12,0,12,0,12
